id,name,locality,city,province,address,number,lat,lng,contacts_0_type,contacts_0_label,contacts_0_value,contacts_1_type,contacts_1_label,contacts_1_value,contacts_2_type,contacts_2_label,contacts_2_value,contacts_3_type,contacts_3_label,contacts_3_value,contacts_4_type,contacts_4_label,contacts_4_value,contacts_5_type,contacts_5_label,contacts_5_value,contacts_6_type,contacts_6_label,contacts_6_value,contacts_7_type,contacts_7_label,contacts_7_value,contacts_8_type,contacts_8_label,contacts_8_value,contacts_9_type,contacts_9_label,contacts_9_value,status
547,"IAT R Piacenza",Piacenza,Piacenza,Piacenza,"Piazza Cavalli",7,"45,0528041","9,6927014",telephone,telephone,"+ 39 0523 492001",email,email,iat@comune.piacenza.it,telephone,telephone,"+ 39 0523 492001",email,email,iat@comune.piacenza.it,,,,,,,,,,,,,,,,,,,Pubblico
548,"IAT Grazzano Visconti - Val Nure e Val Chero - Ufficio di Informazione e Accoglienza Turistica",Bettola,Vigolzone,Piacenza,"Viale del Castello",2,"44,9338889","9,6741667",telephone,telephone,"+ 39 0523 870997",email,email,iat@valnure.info,website,website,https://www.valnure.info/,telephone,telephone,"+ 39 0523 870997",email,email,iat@valnure.info,website,website,https://www.valnure.info/en/default.asp,,,,,,,,,,,,,Pubblico
549,"Inform'Arti Ufficio e biglietteria del Teatro",,"Fiorenzuola d'Arda",Piacenza,"Via Della Liberazione",,"44,9279879","9,9099335999999",telephone,telephone,"+ 39 0523 985253",email,email,teatroverdi@comune.fiorenzuola.pc.it,email,email,cultura@comune.fiorenzuola.pc.it,telephone,telephone,"+ 39 0523 985253",email,email,teatroverdi@comune.fiorenzuola.pc.it,email,email,cultura@comune.fiorenzuola.pc.it,,,,,,,,,,,,,Pubblico
550,"Info Point Val Tidone Val Luretta","Castel San Giovanni","Castel San Giovanni",Piacenza,"Piazzale Rio Carona",,"45,0596156","9,4390093",telephone,telephone,"+ 39 370 3421765",email,email,infopoint@valtidoneluretta.com,telephone,telephone,"+ 39 370 3421765",email,email,infopoint@valtidoneluretta.com,,,,,,,,,,,,,,,,,,,Pubblico
551,"Bobbio - Ufficio di Informazione e Accoglienza Turistica",Bobbio,Bobbio,Piacenza,"Piazza San Francesco",,"44,7693733","9,3860357999999",telephone,telephone,"+ 39 0523 962815",email,email,iat.bobbio@sintranet.it,website,website,https://www.facebook.com/iat.bobbio/,telephone,telephone,"+ 39 0523 962815",email,email,iat.bobbio@sintranet.it,website,website,https://www.facebook.com/iat.bobbio/,,,,,,,,,,,,,Pubblico
552,"IAT R Castell'Arquato",Alseno,Castell'Arquato,Piacenza,"Piazza del Municipio",,"44,8511327","9,8670208",telephone,telephone,"+ 39 0523 803215",fax,fax,"+ 39 0523 803563",email,email,iatcastellarquato@gmail.com,website,website,http://www.castellarquatoturismo.it,telephone,telephone,"+ 39 0523 803215",fax,fax,"+ 39 0523 803563",email,email,iatcastellarquato@gmail.com,website,website,http://www.castellarquatoturismo.it,,,,,,,Pubblico
553,"IAT Parma",Parma,Parma,Parma,"Piazza Giuseppe Garibaldi",,"44,8015571","10,3276259",telephone,telephone,"+ 39 0521 218889",email,email,turismo@comune.parma.it,website,website,https://www.parmawelcome.it/it/,telephone,telephone,"+ 39 0521 218889",email,email,turismo@comune.parma.it,website,website,https://www.parmawelcome.it/en/,,,,,,,,,,,,,Pubblico
554,"IAT Tabiano",Tabiano,"Salsomaggiore Terme",Parma,"Viale Fidenza",20,"44,8079698","10,0219101",telephone,telephone,"+ 39 0524 565482",fax,fax,"+ 39 0524 567533",fax,fax,"+ 39 0524 567533",email,email,infotabiano@portalesalsomaggiore.it,,,,,,,,,,,,,,,,,,,Pubblico
555,"IAT Salsomaggiore","Salsomaggiore Terme","Salsomaggiore Terme",Parma,"Largo Roma",8,"44,815529","9,980162",telephone,telephone,"+ 39 0524 580211",email,email,info@portalesalsomaggiore.it,,,,,,,,,,,,,,,,,,,,,,,,,Pubblico
556,"UIT Bardi",Bardi,Bardi,Parma,"Via Pietro Cella",5,"44,6315764","9,7310608",telephone,telephone,"+ 39 0525 733075",fax,fax,"+ 39 0525 733075",fax,fax,"+ 39 0525 733075",email,email,uitbardi@gmail.com,website,website,http://www.comune.bardi.pr.it/portaleturismo,,,,,,,,,,,,,,,,Pubblico
557,"UIT Bedonia",Bedonia,Bedonia,Parma,"Via G. Garibaldi",,"44,5030934","9,6309476",telephone,telephone,"+ 39 0525 824765",email,email,ufficioturistico@comune.bedonia.pr.it,website,website,http://www.turismovaltaro.it/,,,,,,,,,,,,,,,,,,,,,,Pubblico
558,"UIT Berceto",Berceto,Berceto,Parma,"Piazza San Giovanni",2,"44,510505","9,9902529",telephone,telephone,"+ 39 0525 1861969",telephone,telephone,"+ 39 324 0865235",email,email,infopoint.berceto@gmail.com,website,website,http://www.infopointberceto.it,,,,,,,,,,,,,,,,,,,Pubblico
559,"UIT Borgo Val di Taro","Borgo Val di Taro","Borgo Val di Taro",Parma,"Via P V Manara",7,"44,48765","9,7753081",telephone,telephone,"+ 39 0525 96796",fax,fax,"+ 39 0525 96796",fax,fax,"+ 39 0525 96796",email,email,uit@comune.borgo-val-di-taro.pr.it,website,website,http://www.comune.borgo-val-di-taro.pr.it/,,,,,,,,,,,,,,,,Pubblico
560,"IAT Busseto",Busseto,Busseto,Parma,"Piazza Giuseppe Verdi",10,"44,9814352","10,0414717",telephone,telephone,"+ 39 0524 92487",fax,fax,"+ 39 0524 931740",fax,fax,"+ 39 0524 931740",email,email,info@bussetolive.com,website,website,http://www.bussetolive.com,,,,,,,,,,,,,,,,Pubblico
561,"IAT Colorno",Colorno,Colorno,Parma,"Piazza Giuseppe Garibaldi",,"44,9300938","10,3754572",telephone,telephone,"+ 39 0521 313790",fax,fax,"+ 39 0521 521370",fax,fax,"+ 39 0521 521370",,,,,,,,,,,,,,,,,,,,,,Pubblico
562,"IAT Fidenza Village",Fidenza,Fidenza,Parma,"Via Federico Fellini",,"44,8819916","10,0899549",telephone,telephone,"+ 39 0524 335556",email,email,iat.fidenzavillage@terrediverdi.it,website,website,http://www.terrediverdi.it,website,website,http://www.terrediverdi.it,telephone,telephone,"+ 39 0524 335556",email,email,iat.fidenzavillage@terrediverdi.it,,,,,,,,,,,,,Pubblico
563,"IAT Fidenza Casa Cremonini",Fidenza,Fidenza,Parma,"Piazza Duomo",16,"44,8663456","10,0573559",telephone,telephone,"+ 39 0524 83377",email,email,iat.fidenza@terrediverdi.it,website,website,http://www.terrediverdi.it,telephone,telephone,"+ 39 0524 83377",email,email,iat.fidenza@terrediverdi.it,website,website,http://www.terrediverdi.it,,,,,,,,,,,,,Pubblico
564,"IAT Fontanellato",Fontanellato,Fontanellato,Parma,"Piazza Giacomo Matteotti",1,"44,8828179","10,1725902",telephone,telephone,"+ 39 0521 829055",fax,fax,"+ 39 0521 824042",email,email,iat@fontanellato.org,website,website,http://www.fontanellato.org,telephone,telephone,"+ 39 0521 829055",fax,fax,"+ 39 0521 824042",email,email,iat@fontanellato.org,website,website,http://www.fontanellato.org,,,,,,,Pubblico
565,"IAT Fornovo","Fornovo di Taro","Fornovo di Taro",Parma,"Via dei Collegati",19,"44,6905607","10,097443",telephone,telephone,"+ 39 0525 2599",telephone,telephone,"+ 39 346 9536300",fax,fax,"+ 39 0525 2599",email,email,iatfornovo@gmail.com,telephone,telephone,"+ 39 346 9536300",fax,fax,"+ 39 0525 2599",email,email,iatfornovo@gmail.com,telephone,telephone,"+ 39 0525 2599",,,,,,,Pubblico
566,"IAT Torrechiara",Langhirano,Langhirano,Parma,"Strada del Castello",10,"44,6559648","10,2752316",telephone,telephone,"+ 39 0521 355009",fax,fax,"+ 39 0521 355821",email,email,iat@comune.langhirano.pr.it,website,website,http://www.portaletorrechiara.net,telephone,telephone,"+ 39 0521 355009",fax,fax,"+ 39 0521 355821",email,email,iat@comune.langhirano.pr.it,website,website,http://www.portaletorrechiara.net,,,,,,,Pubblico
567,"UIT Monchio delle Corti","Monchio delle Corti","Monchio delle Corti",Parma,"Strada Parco dei Cento Laghi",4,"44,41051","10,123413",telephone,telephone,"+ 39 0521 896618",email,email,m.leni@parchiemiliaoccidentale.it,telephone,telephone,"+ 39 0521 896618",email,email,m.leni@parchiemiliaoccidentale.it,,,,,,,,,,,,,,,,,,,Pubblico
568,"UIT Monticelli Terme e Montechiarugolo",Montechiarugolo,Montechiarugolo,Parma,"c/o  Hotel delle Rose Via Montepelato Nord",4,"44,7292865","10,3970034",telephone,telephone,"+ 39 0521 687766",email,email,turismo@comune.montechiarugolo.pr.it,email,email,turismo@comune.montechiarugolo.pr.it,telephone,telephone,"+ 39 0521 687766",,,,,,,,,,,,,,,,,,,Pubblico
570,"UIT Monte Fuso","Neviano degli Arduini","Neviano degli Arduini",Parma,"Strada Provinciale di Scurano",49,"44,4995896","10,3049669",telephone,telephone,"+ 39 0521 840151",fax,fax,"+ 39 0521 336429",website,website,http://www.montefuso.it,email,email,parcofuso@provincia.parma.it,,,,,,,,,,,,,,,,,,,Pubblico
571,"IAT Sala Baganza",Collecchio,"Sala Baganza",Parma,"Piazza Antonio Gramsci",2,"44,7130792","10,2273945",telephone,telephone,"+ 39 0521 331342-3",fax,fax,"+ 39 0521 336429",email,email,iatsala@comune.sala-baganza.pr.it,website,website,http://www.comune.sala-baganza.pr.it/,telephone,telephone,"+ 39 0521 331342-3",fax,fax,"+ 39 0521 336429",email,email,iatsala@comune.sala-baganza.pr.it,website,website,http://www.comune.sala-baganza.pr.it/,,,,,,,Pubblico
572,"UIT San Secondo Parmense","San Secondo Parmense","San Secondo Parmense",Parma,"Via Felice Cavallotti",18,"44,9214951","10,2303822",telephone,telephone,"+ 39 0521 873214",fax,fax,"+ 39 0521 871500",email,email,turismo@comune.san-secondo-parmense.pr.it,website,website,http://www.comune.san-secondo-parmense.pr.it/,telephone,telephone,"+ 39 0521 873214",fax,fax,"+ 39 0521 871500",email,email,turismo@comune.san-secondo-parmense.pr.it,website,website,http://www.comune.san-secondo-parmense.pr.it/,,,,,,,Pubblico
573,"UIT Soragna",Soragna,Soragna,Parma,"Via della Repubblica",3,"44,9267826","10,1221216",telephone,telephone,"+ 39 0524 598932",email,email,info@soragnatourism.com,website,website,http://www.soragnatourism.com,telephone,telephone,"+ 39 0524 598932",email,email,info@soragnatourism.com,,,,,,,,,,,,,,,,Pubblico
574,"Pro Loco Amici di Tabiano",Tabiano,"Salsomaggiore Terme",Parma,"viale Fidenza",20,"44,8090334","10,0233236",telephone,telephone,"+ 39 0524 565742",email,email,prolocotabiano@libero.it,telephone,telephone,"+ 39 0524 565742",email,email,prolocotabiano@libero.it,,,,,,,,,,,,,,,,,,,Pubblico
575,"IAT Reggio Emilia","Reggio nell'Emilia","Reggio nell'Emilia","Reggio nell'Emilia","Via Luigi Carlo Farini",1/A,"44,6969188","10,629574300000058",telephone,telephone,"+ 39 0522 451152",email,email,iat@comune.re.it,website,website,https://turismo.comune.re.it/it,,,,,,,,,,,,,,,,,,,,,,Pubblico
576,"UIT Correggio",Correggio,Correggio,"Reggio nell'Emilia","Via Borgovecchio",39,"44,7719026","10,782132000000047",telephone,telephone,"+ 39 0522 631770",email,email,turismo@comune.correggio.re.it,,,,,,,,,,,,,,,,,,,,,,,,,Pubblico
577,"UIT Guastalla",Guastalla,Guastalla,"Reggio nell'Emilia","Via S. Gonzaga",,"44,9221758","10,654211799999985",telephone,telephone,"+ 39 0522 839763",email,email,uit@comune.guastalla.re.it,,,,,,,,,,,,,,,,,,,,,,,,,Pubblico
578,"UIT Scandiano",Scandiano,Scandiano,"Reggio nell'Emilia","Piazza della Libertà",6,"44,59916130000001","10,687619700000027",telephone,telephone,"+ 39 0522 764211",email,email,commercio@comune.scandiano.re.it,,,,,,,,,,,,,,,,,,,,,,,,,Pubblico
579,"IAT Castelnovo Monti","Castelnovo né Monti","Castelnovo ne' Monti","Reggio nell'Emilia","Via Franceschini",1/A,"44,43557699999999","10,399991900000032",telephone,telephone,"+ 39 0522 810430",email,email,iat@appenninoreggiano.it,,,,,,,,,,,,,,,,,,,,,,,,,Pubblico
580,"UIT Terre di Canossa",Canossa,Canossa,"Reggio nell'Emilia","Località Castello di Canossa",,"44,5745553","10,4552687",telephone,telephone,"+ 39 366 2287340",email,email,uit.terrematildiche@gmail.com,,,,,,,,,,,,,,,,,,,,,,,,,Pubblico
581,"UIT Cerreto Laghi","Cerreto Laghi",Collagna,"Reggio nell'Emilia","Via Lungolato Cerratano",,"44,297038","10,2421589",telephone,telephone,"+ 39 0522 898153",email,email,uitcerreto@unionecomuni.re.it,website,website,http://www.visitcerreto.it,,,,,,,,,,,,,,,,,,,,,,Pubblico
582,"UIT Museo del Sughero Cervarezza",Busana,Busana,"Reggio nell'Emilia","Piazza 1° Maggio",,"44,38577143048363","10,329101085662842",telephone,telephone,"+ 39 522890655",email,email,museodelsughero@unionecomuni.re.it,,,,,,,,,,,,,,,,,,,,,,,,,Pubblico
583,"Ufficio Turismo Brescello",Brescello,Brescello,"Reggio nell'Emilia","Via F. Cavallotti",24,"44,9013","10,514505999999983",telephone,telephone,"+ 39 0522 482564",email,email,ufficioturismo@comune.brescello.re.it,website,website,http://www.visitbrescello.it,,,,,,,,,,,,,,,,,,,,,,Pubblico
584,"Proloco Albinea",Albinea,Albinea,"Reggio nell'Emilia","Via Rodolfo Morandi",9,"44,5976826","10,5400535",telephone,telephone,"+ 39 0522 590266",email,email,prolocoalbinea@virgilio.it,,,,,,,,,,,,,,,,,,,,,,,,,Pubblico
585,"Proloco Boretto",Boretto,Boretto,"Reggio nell'Emilia","Via Dosi Don Angelo",11,"44,9057059","10,5527719",telephone,telephone,"+ 39 0522 964219",email,email,info@prolocoboretto.it,,,,,,,,,,,,,,,,,,,,,,,,,Pubblico
586,"Proloco Cadelbosco di Sopra","Cadelbosco di Sopra","Cadelbosco di Sopra","Reggio nell'Emilia","Via G. Galilei",21,"44,7679888","10,599290200000041",telephone,telephone,"+ 39 335 8251588",email,email,info@prolococadelbosco.it,,,,,,,,,,,,,,,,,,,,,,,,,Pubblico
587,"Proloco Gualtieri",Gualtieri,Gualtieri,"Reggio nell'Emilia","Piazza Bentivoglio",36,"44,904967","10,631054899999981",telephone,telephone,"+ 39 0522 828696",email,email,proloco-gualtieri@libero.it,,,,,,,,,,,,,,,,,,,,,,,,,Pubblico
588,"Proloco Guastalla",Guastalla,Guastalla,"Reggio nell'Emilia","Via Gonzaga",16/4,"44,9213334","10,6542995",telephone,telephone,"+ 39 3287943204",email,email,info@prolocoguastalla.it,,,,,,,,,,,,,,,,,,,,,,,,,Pubblico
589,"Proloco Novellara",Novellara,Novellara,"Reggio nell'Emilia","P.le Marconi",1,"44,844324","10,730621",telephone,telephone,"+ 39 0522 651378",email,email,proloco.novellara@gmail.com,,,,,,,,,,,,,,,,,,,,,,,,,Pubblico
590,"Proloco Reggiolo",Reggiolo,Reggiolo,"Reggio nell'Emilia","Piazza del Martiri",38,"44,91838229999999","10,803752799999984",telephone,telephone,"+ 39 3386188748",email,email,prolocoreggiolo@gmail.com,,,,,,,,,,,,,,,,,,,,,,,,,Pubblico
591,"Proloco Rolo",Rolo,Rolo,"Reggio nell'Emilia","Via Cesare Battisti",1,"44,8874041","10,85664",,,,,,,,,,,,,,,,,,,,,,,,,,,,,,,Pubblico
592,"Comune di Montecchio Emilia-Biblioteca",,"Montecchio Emilia","Reggio nell'Emilia","Piazza della Repubblica",1,"44,7001985","10,4464481",,,,,,,,,,,,,,,,,,,,,,,,,,,,,,,Pubblico
593,"IAT Modena",Modena,Modena,Modena,"Piazza Grande",14,"44,6459799","10,9260819",telephone,telephone,"+ 39 059 2032660",fax,fax,"+ 39 059 2032659",email,email,info@visitmodena.it,website,website,http://www.visitmodena.it,email,email,info@visitmodena.it,fax,fax,"+ 39 059 2032659",website,website,http://www.visitmodena.it,telephone,telephone,"+ 39 0592032660",,,,,,,Pubblico
594,"UIT Fanano",Fanano,Fanano,Modena,"Piazza Guglielmo Marconi",1,"44,2074306","10,7950495",telephone,telephone,"+ 39 0536 68696",email,email,info@fanano.eu,website,website,http://www.fanano.it,,,,,,,,,,,,,,,,,,,,,,Pubblico
595,"UIT Lama Mocogno","Lama Mocogno","La Lama",Modena,"Via XXIV Maggio",,"44,3077617","10,731010900000001",telephone,telephone,"+ 39 0536 344390",email,email,turismo@comune.lamamocogno.mo.it,website,website,http://www.comune.lamamocogno.mo.it,,,,,,,,,,,,,,,,,,,,,,Pubblico
596,"Pro Loco Pievepelago",Pievepelago,Pievepelago,Modena,"Piazza Vittorio Veneto",17,"44,2069771","10,616953500000022",telephone,telephone,"+ 39 0536 71304",email,email,info@comune.pievepelago.it,website,website,http://www.pievepelago.info,,,,,,,,,,,,,,,,,,,,,,Pubblico
597,"UIT Serramazzoni",Serramazzoni,Serramazzoni,Modena,"Piazza Torquato Tasso",7,"44,4214274","10,790238300000055",telephone,telephone,"+ 39 0536 952199",email,email,s.negrini@comune.serramazzoni.mo.it,,,,,,,,,,,,,,,,,,,,,,,,,Pubblico
598,"PIT del Castello di Formigine",Formigine,Formigine,Modena,"Piazza Calcagnini, c/o Castle museum reception",12,"44,57555","10,8413701",telephone,telephone,"+ 39 059 416145",email,email,castello@comune.formigine.mo.it,website,website,http://www.visitformigine.it,,,,,,,,,,,,,,,,,,,,,,Pubblico
599,"Punto informativo Palazzo dei Musei",Modena,Modena,Modena,"Viale Vittorio Veneto",5,"44,6480554","10,9204317",telephone,telephone,"+ 39 059 2033125",email,email,palazzo.musei@comune.modena.it,website,website,http://www.palazzodeimuseimodena.it,,,,,,,,,,,,,,,,,,,,,,Pubblico
600,"IAT Maranello ""Terre di Motori""",Maranello,Maranello,Modena,"Via Alfredo Dino Ferrari",43,"44,53011830000001","10,8611516",telephone,telephone,"+ 39 0536 073036",email,email,iat@maranello.it,website,website,http://www.maranello.it,,,,,,,,,,,,,,,,,,,,,,Pubblico
601,"UIT / URP e Informagiovani Sassuolo",Sassuolo,Sassuolo,Modena,"Piazza Giuseppe Garibaldi",56,"44,54065869999999","10,78256060000001",telephone,telephone,"+ 39 0536 880801",email,email,sassuoloturismo@comune.sassuolo.mo.it,website,website,http://www.sassuoloturismo.it,fax,fax,"+ 39 0536 880904",,,,,,,,,,,,,,,,,,,Pubblico
603,"URP Castelnuovo Rangone","Castelnuovo Rangone","Castelnuovo Rangone",Modena,"Piazza Ettore Bertoni",3,"44,5491985","10,9396016",telephone,telephone,"+ 39 059 534810",fax,fax,"+ 39 059 534900",fax,fax,"+ 39 059 534900",email,email,urp@comune.castelnuovo-rangone.mo.it,,,,,,,,,,,,,,,,,,,Pubblico
604,"PIT Castelvetro di Modena","Castelvetro di Modena","Castelvetro di Modena",Modena,"Piazza Roma",5,"44,50312599999999","10,943100100000038",telephone,telephone,"+ 39 059 758880",email,email,info@visitcastelvetro.it,website,website,http://www.visitcastelvetro.it,fax,fax,"+ 39 059 758885",,,,,,,,,,,,,,,,,,,Pubblico
605,"Ufficio Turismo Spilamberto",Spilamberto,Spilamberto,Modena,"Via F. Roncati",28,"44,5333648","11,0225473",telephone,telephone,"+ 39 059 781614",fax,fax,"+ 39 059 781614",email,email,info@museodelbalsamicotradizionale.org,website,website,https://www.museodelbalsamicotradizionale.org,fax,fax,"+ 39 059 781614",email,email,info@museodelbalsamicotradizionale.org,website,website,https://www.museodelbalsamicotradizionale.org/en/home-en/,telephone,telephone,"+ 39 059 781614",,,,,,,Pubblico
606,"Ufficio Turismo Savignano sul Panaro","Savignano sul Panaro","Savignano Sul Panaro",Modena,"Via Doccia",64,"44,479751","11,033611599999972",telephone,telephone,"+ 39 059 759 915",email,email,eventi@comune.savignano-sul-panaro.it,,,,,,,,,,,,,,,,,,,,,,,,,Pubblico
608,"UIT Mirandola - Ufficio Informazione Turistica",Mirandola,Mirandola,Modena,"Piazza della Costituente",,"44,8878986","11,06599749999998",telephone,telephone,"+ 39 0535/21407",email,email,uit@comune.mirandola.mo.it,website,website,http://www.comune.mirandola.mo.it,,,,,,,,,,,,,,,,,,,,,,Pubblico
609,"Ufficio Informazione Turistica di Pavullo nel Frignano","Pavullo nel Frignano","Pavullo Nel Frignano",Modena,"Via Giardini",3,"44,3413764","10,83492780000006",telephone,telephone,"+ 39 0536 29964",fax,fax,"+ 39 0536 29025",fax,fax,"+ 39 0536 29025",email,email,uit@comune.pavullo-nel-frignano.mo.it,,,,,,,,,,,,,,,,,,,Pubblico
610,"IAT del Cimone",Sestola,Sestola,Modena,"Corso Umberto I",3,"44,2301776","10,771317899999985",telephone,telephone,"+ 39 0536 62324",fax,fax,"+ 39 0536 61621",fax,fax,"+ 39 0536 61621",email,email,turismo@comune.sestola.mo.it,website,website,http://www.visitsestola.com,,,,,,,,,,,,,,,,Pubblico
611,"Pro Loco Zocchese",Zocca,Zocca,Modena,"Via del Mercato",104,"44,3463732","10,9937418",telephone,telephone,"+ 39 342 1152387",email,email,prolocozocchese@comune.zocca.mo.it,,,,,,,,,,,,,,,,,,,,,,,,,Pubblico
612,"Pro Loco Guiglia",Guiglia,Guiglia,Modena,"Via della Repubblica",34,"44,4259059","10,960589400000003",telephone,telephone,"+ 39 059 792930",telephone,telephone,"+ 39 339/8788329",email,email,info@prolocoguiglia.it,website,website,http://www.prolocoguiglia.it,,,,,,,,,,,,,,,,,,,Pubblico
613,"Ufficio Informazioni Turistiche Montese",Montese,Montese,Modena,"Via Panoramica",25,"44,267496","10,940860899999961",telephone,telephone,"+ 39 059 971122",email,email,biblioteca@comune.montese.mo.it,,,,,,,,,,,,,,,,,,,,,,,,,Pubblico
614,"IAT Bologna Welcome",Bologna,Bologna,Bologna,"Piazza Maggiore",1/E,"44,4940569","11,342975300000035",telephone,telephone,"+ 39 051 6583111",email,email,booking@bolognawelcome.it,website,website,http://www.bolognawelcome.com,,,,,,,,,,,,,,,,,,,,,,Pubblico
615,"IAT Bologna Welcome Aereoporto",Bologna,Bologna,Bologna,"Via Triumvirato/Presso l'area arrivi dell'Aeroporto Internazionale ""Guglielmo Marconi""",84,"44,5227964","11,2940366",telephone,telephone,"+ 39 051 6472201",fax,fax,"+ 39 051 6472358",email,email,airport@bolognawelcome.it,website,website,http://www.bolognawelcome.com,,,,,,,,,,,,,,,,,,,Pubblico
616,"Pro Loco Castel d'Aiano","Castel d'Aiano","Castel D'aiano",Bologna,"Via Lenzi",14,"44,2807619","11,0001539",telephone,telephone,"+ 39 329 9614533    ",email,email,prolococasteldaiano@gmail.com,,,,,,,,,,,,,,,,,,,,,,,,,Pubblico
617,"I.A.T. di Alto Reno Terme","Porretta Terme","Porretta Terme",Bologna,"Piazza della Libertà",11,"44,1546992","10,975975699999935",telephone,telephone,"+ 39 0534 521103",email,email,iat@comune.altorenoterme.bo.it,,,,,,,,,,,,,,,,,,,,,,,,,Pubblico
618,"Sportello polifunzionale del Comune di Valsamoggia",Bazzano,Valsamoggia,Bologna,"Piazza Giuseppe Garibaldi",1,"44,504785","11,083302000000003",telephone,telephone,"+ 39 051 836411",email,email,info@comune.valsamoggia.bo.it,,,,,,,,,,,,,,,,,,,,,,,,,Pubblico
619,"Ufficio Relazioni con il Pubblico del Comune di Castiglione dei Pepoli","Castiglione dei Pepoli","Castiglione dei Pepoli",Bologna,"Piazza Guglielmo Marconi",1,"44,14192319999999","11,153046700000004",telephone,telephone,"+ 39 0534 801638",email,email,urp@comune.castiglionedeipepoli.bo.it,,,,,,,,,,,,,,,,,,,,,,,,,Pubblico
620,"Ufficio Informazioni Turistiche  ""Infosasso""","Sasso Marconi","Sasso Marconi",Bologna,"Via Porrettana",314,"44,394695","11,244729199999938",telephone,telephone,"+ 39 051 6758409",email,email,info@infosasso.it,,,,,,,,,,,,,,,,,,,,,,,,,Pubblico
621,"Ufficio Relazioni con il Pubblico Comune di Loiano",Loiano,Loiano,Bologna,"Via Roma",55,"44,2701899","11,321745100000044",telephone,telephone,"+ 39 051 6543611",email,email,urp@comune.loiano.bologna.it,,,,,,,,,,,,,,,,,,,,,,,,,Pubblico
622,"Infopoint del Comune di Marzabotto",Marzabotto,Marzabotto,Bologna,"Via G. Matteotti",1c,"44,3425106","11,206417299999998",telephone,telephone,"+ 39 340 6397434 ",email,email,info@appenninogeopark.com,,,,,,,,,,,,,,,,,,,,,,,,,Pubblico
624,"Unione dei Comuni dell'Appennino bolognese - ServizioTurismo",Vergato,Vergato,Bologna,"Piazza della Pace",4,"44,2821718","11,1107225",telephone,telephone,"+ 39 051 911056      ",email,email,marco.tamarri@unioneappennino.bo.it,,,,,,,,,,,,,,,,,,,,,,,,,Pubblico
625,"Ufficio Informazioni Turistiche di Lizzano in Belvedere","Lizzano in Belvedere",Vidiciatico,"Lizzano in Belvedere","Via Guglielmo Marconi",6,"44,1687378","10,876979600000027",telephone,telephone,"+ 39 0534 51052",email,email,iat.lizzano@comune.lizzano.bo.it,,,,,,,,,,,,,,,,,,,,,,,,,Pubblico
626,"Ufficio Informazioni Turistiche di Vidiciatico",Vidiciatico,Vidiciatico,"Lizzano in Belvedere","Via Guglielmo Marconi",31,"44,1706422","10,872744699999998",telephone,telephone,"+ 39 0534 53159",email,email,iat.vidiciatico@comune.lizzano.bo.it,,,,,,,,,,,,,,,,,,,,,,,,,Pubblico
627,"Comune di Grizzana Morandi - Rocchetta Mattei","Grizzana Morandi","Grizzana Morandi",Bologna,"Via Pietrafitta",52,"44,2553407","11,150426100000004",telephone,telephone,"+ 39 051 6730335  ",email,email,rocchettamattei@comune.grizzanamorandi.bo.it,,,,,,,,,,,,,,,,,,,,,,,,,Pubblico
628,"I.A.T. Monghidoro",Monghidoro,Monghidoro,Bologna,"Via Matteotti",1,"44,2192954","11,316500499999961",telephone,telephone,"+ 39 331 4430004  
    ",email,email,iat@monghidoro.eu,,,,,,,,,,,,,,,,,,,,,,,,,Pubblico
629,"Pro Loco Loiano",Loiano,Loiano,Bologna,"Via Roma",55,"44,2701603","11,3217217",telephone,telephone,"+ 39 334 9977035",email,email,prolocoloiano@gmail.com,,,,,,,,,,,,,,,,,,,,,,,,,Pubblico
630,"Ufficio Relazioni con il Pubblico Comune di Monterenzio",Monterenzio,Monterenzio,Bologna,"Piazza Guerrino De Giovanni",1,"44,3253508","11,4025683",telephone,telephone,"+ 39 051 929002    ",email,email,urp@comune.monterenzio.bologna.it,,,,,,,,,,,,,,,,,,,,,,,,,Pubblico
631,"Comune di Pianoro - Informazioni turistiche",Pianoro,Pianoro,Bologna,"P.zza dei Martiri, 1",1,"44,38556","11,340706",telephone,telephone,"+ 39 051 6529105    ",email,email,servizio.cultura@comune.pianoro.bo.it,,,,,,,,,,,,,,,,,,,,,,,,,Pubblico
632,"Ufficio Relazioni con il Pubblico del Comune di Calderara di Reno","Calderara di Reno","Calderara di Reno",Bologna,"Piazza Guglielmo Marconi, 7",7,"44,5656991","11,2715372",telephone,telephone,"+ 39 051 6461205",email,email,urp@calderara.provincia.bo.it,,,,,,,,,,,,,,,,,,,,,,,,,Pubblico
633,"Ufficio relazioni con il pubblico di Baricella",Baricella,Baricella,Bologna,"Via Roma",76,"44,647023","11,5345367",telephone,telephone,"+ 39 051 6622423",email,email,urp@comune.baricella.bo.it,,,,,,,,,,,,,,,,,,,,,,,,,Pubblico
634,"Ufficio Relazioni con il Pubblico di Anzola","Anzola dell'Emilia","Anzola dell'Emilia",Bologna,"Piazza Giovanni XXIII, 1",1,"44,546946","11,1925298",telephone,telephone,"+ 39 051 6502111",email,email,urp@anzola.provincia.bologna.it,,,,,,,,,,,,,,,,,,,,,,,,,Pubblico
635,"Ufficio Relazioni con il Pubblico di Castello d'Argile","Castello d?Argile","Castello D'argile",Bologna,"Piazza Gadani, 2",2,"44,68123","11,294256",telephone,telephone,"+ 39 051 6868813",email,email,urp@comune.castello-d-argile.bo.it,,,,,,,,,,,,,,,,,,,,,,,,,Pubblico
636,"Ufficio Relazioni con il Pubblico di San Matteo della Decima","San Giovanni in Persiceto","San Giovanni in Persiceto",Bologna,"Via Cento",158/a,"44,650911","11,195101",telephone,telephone,"+ 39 051 6812057",email,email,urp@comunepersiceto.it,,,,,,,,,,,,,,,,,,,,,,,,,Pubblico
637,"Ufficio Relazioni con il Pubblico di Granarolo dell'Emilia","Granarolo dell'Emilia","Granarolo Dell'emilia E Via Dagol","Granarolo dell'Emilia","Via San Donato",199,"44,553512","11,447889000000032",telephone,telephone,"+ 39 051 6004111",email,email,urp@comune.granarolo-dellemilia.bo.it,,,,,,,,,,,,,,,,,,,,,,,,,Pubblico
638,"Ufficio Relazioni con il pubblico di Castenaso",Castenaso,Castenaso,Bologna,"Piazza Bassi",1,"44,5094295","11,4666663",telephone,telephone,"+ 39 051 6059239",email,email,urp@comune.castenaso.bo.it,,,,,,,,,,,,,,,,,,,,,,,,,Pubblico
639,"Ufficio Relazioni con il Pubblico di Minerbio",Minerbio,Minerbio,Bologna,"Via Papa Giovanni XXIII",4,"44,6250019","11,491468599999962",telephone,telephone,"+ 39 051 6611780",email,email,urp@comune.minerbio.bo.it,,,,,,,,,,,,,,,,,,,,,,,,,Pubblico
640,"Semplice - Sportello Polifunzionale per il cittadino di Casalecchio di Reno","Casalecchio di Reno","Casalecchio di Reno",Bologna,"Via dei Mille, 9",9,"44,48145699999999","11,28231500000004",telephone,telephone,"+ 39 051 598111",email,email,semplice@comune.casalecchio.bo.it,,,,,,,,,,,,,,,,,,,,,,,,,Pubblico
641,"Ufficio Relazioni con il Pubblico di Bentivoglio",Bentivoglio,Bentivoglio,Bologna,"Piazza dei Martiri per la Libertà",2,"44,6349777","11,4186035",telephone,telephone,"+ 39 051 6643511",email,email,urp@comune.bentivoglio.bo.it,,,,,,,,,,,,,,,,,,,,,,,,,Pubblico
642,"Ufficio Relazioni con il Pubblico di Malabergo",Malalbergo,Malalbergo,Bologna,"Piazza Unità D'Italia, 1",1,"44,718983","11,533666900000071",telephone,telephone,"+ 39 051 6620210",email,email,urp@comune.malalbergo.bo.it,,,,,,,,,,,,,,,,,,,,,,,,,Pubblico
643,"Ufficio Relazioni con il Pubblico di Crevalcore",Crevalcore,Crevalcore,Bologna,"Via Persicetana",,"44,71353329999999","11,148710599999959",telephone,telephone,"+ 39 051 988443",email,email,urp@comune.crevalcore.bo.it,,,,,,,,,,,,,,,,,,,,,,,,,Pubblico
644,"Ufficio Relazioni con il Pubblico di San Giorgio di Piano","San Giorgio di Piano","San Giorgio di Piano",Bologna,"Via della Libertà, 35",35,"44,6471051","11,37541299999998",telephone,telephone,"+ 39 051 6638509",email,email,urp@comune.san-giorgio-di-piano.bo.it,,,,,,,,,,,,,,,,,,,,,,,,,Pubblico
645,"Ufficio Relazioni con il pubblico di Castel Maggiore","Castel Maggiore","Castel Maggiore",Bologna,"Via Giacomo Matteotti, 10",10,"44,575059","11,364908499999956",telephone,telephone,"+ 39 051 6386781",email,email,urp@comune.castel-maggiore.bo.it,,,,,,,,,,,,,,,,,,,,,,,,,Pubblico
646,"Ufficio Relazioni con il pubblico di Budrio",Budrio,Budrio,Bologna,"Piazza Quirico Filopanti",,"44,5376514","11,535671699999966",telephone,telephone,"+ 39 051 6928210",email,email,urp@comune.budrio.bo.it,,,,,,,,,,,,,,,,,,,,,,,,,Pubblico
647,"Ufficio Relazioni con il Pubblico di Molinella",Molinella,Molinella,Bologna,"Piazza Anselmo Martoni",1,"44,6204034","11,670559300000036",telephone,telephone,"+ 39 051 6906833",email,email,urp@comune.molinella.bo.it,,,,,,,,,,,,,,,,,,,,,,,,,Pubblico
648,"Ufficio Relazioni con il Pubblico di San Pietro in Casale","San Pietro in Casale","San Pietro In Casale",Bologna,"Via G. Matteotti",158,"44,7030243","11,406383300000016",telephone,telephone,"+ 39 051 6669540",email,email,urp@comune.san-pietro-in-casale.bo.it,,,,,,,,,,,,,,,,,,,,,,,,,Pubblico
649,"Ufficio Relazioni con il Pubblico di San Giovanni in Persiceto","San Giovanni in Persiceto","San Giovanni in Persiceto",Bologna,"Corso Italia",78,"44,6385692","11,1871059",telephone,telephone,"+ 39 051 6812708",telephone,telephone,"+ 39 800069678",email,email,urp@comunepersiceto.it,,,,,,,,,,,,,,,,,,,,,,Pubblico
650,"Ufficio Relazioni con il Pubblico di Ozzano dell'Emilia","Ozzano dell?Emilia","Ozzano dell'Emilia",Bologna,"Via della Repubblica",10,"44,4460126","11,47903999999994",telephone,telephone,"+ 39 051 791376",telephone,telephone,"+ 39 791377",fax,fax,"+ 39 051 797951",fax,fax,"+ 39 051 797951",email,email,urp@comune.ozzano.bo.it,,,,,,,,,,,,,,,,Pubblico
651,"Ufficio Cultura del Comune di Sala Bolognese","Sala Bolognese",Padulle,"Sala bolognese","Piazza Guglielmo Marconi",1,"44,62968969999999","11,276643499999977",telephone,telephone,"+ 39 051 6822511",email,email,comune@comune.sala-bolognese.bo.it,,,,,,,,,,,,,,,,,,,,,,,,,Pubblico
652,"Ufficio Relazioni con il Pubblico di San Lazzaro di Savena","San Lazzaro di Savena","San Lazzaro di Savena",Bologna,"Piazza Luciano Bracci",1,"44,470388","11,408089000000018",telephone,telephone,"+ 39 051 622 8174",email,email,urp@comune.sanlazzaro.bo.it,,,,,,,,,,,,,,,,,,,,,,,,,Pubblico
653,"UIT Colli Bolognesi","Zola Predosa","Zola Predosa",Bologna,"Via Masini",11,"44,4963334","11,214696",telephone,telephone,"+ 39 366 8982707",email,email,info@visitcollibolognesi.it,,,,,,,,,,,,,,,,,,,,,,,,,Pubblico
654,"Ufficio Informazioni Turistiche Castel San Pietro Terme","Castel San Pietro Terme","Castel San Pietro Terme",Bologna,"Piazza G. Acquaderni",4,"44,3977149","11,590229399999998",telephone,telephone,"+ 39 051 6954137",email,email,uit@cspietro.it,,,,,,,,,,,,,,,,,,,,,,,,,Pubblico
655,"Ufficio Informazioni Castel Guelfo The Style Outlets","Castel Guelfo di Bologna","Castel Guelfo di Bologna",Bologna,"Via del Commercio",4/Z,"44,433494","11,6077389",telephone,telephone,"+ 39 0542 670765",email,email,info.castelguelfo@imolafaenza.it,telephone,telephone,"+ 39 0542 670765",email,email,info.castelguelfo@imolafaenza.it,,,,,,,,,,,,,,,,,,,Pubblico
656,"Pro Loco di Tossignano",,Tossignano,"Borgo Tossignano","Via Nuova",3,"44,2725324","11,6035574",telephone,telephone,"+ 39 347 9468669",telephone,telephone,"+ 39 338 4772658",email,email,proloco@tossignano.it,,,,,,,,,,,,,,,,,,,,,,Pubblico
657,"Pro Loco di Medicina",Medicina,Medicina,Bologna,"Via Libertà",58,"44,4774492","11,638635499999964",telephone,telephone,"+ 39 051 857529",fax,fax,"+ 39 051 69 72 193",fax,fax,"+ 39 051 69 72 193",email,email,info@prolocomedicina.net,,,,,,,,,,,,,,,,,,,Pubblico
658,"Pro Loco di Borgo Tossignano",,"Borgo Tossignano",Bologna,"Piazza Unità d'Italia",79/e,"44,2771908","11,5892784954702",telephone,telephone,"+ 39 327 2028386",email,email,info@prolocoborgotossignano.it,,,,,,,,,,,,,,,,,,,,,,,,,Pubblico
659,"Pro Loco Castel San Pietro Terme","Castel San Pietro Terme","Castel San Pietro Terme",Bologna,"Via Ugo Bassi",19,"44,3988391","11,589823",telephone,telephone,"+ 39 051 6954135",email,email,info@prolococastelsanpietroterme.it,,,,,,,,,,,,,,,,,,,,,,,,,Pubblico
660,"IAT - Ufficio Informazioni Accoglienza Turistica FERRARA",Ferrara,Ferrara,Ferrara,"Largo Castello",,"44,837627947351","11,619522571564",telephone,telephone,"+ 39 0532 209370",email,email,infotur@comune.fe.it,website,website,http://www.ferrarainfo.com,telephone,telephone,"+ 39 0532 209370",email,email,infotur@comune.fe.it,website,website,https://www.ferrarainfo.com/en,,,,,,,,,,,,,Pubblico
661,"Ufficio Informazioni Turistiche - Pomposa",Pomposa,Codigoro,Ferrara,"Via Pomposa",12,"44,8305225","12,1083003",telephone,telephone,"+ 39 0533 719110",email,email,iat.pomposa@comune.codigoro.fe.it,telephone,telephone,"+ 39 0533 719110",email,email,iat.pomposa@comune.codigoro.fe.it,,,,,,,,,,,,,,,,,,,Pubblico
662,"Informaturismo Cento",Cento,Cento,Ferrara,"Corso del Guercino",39,"44,7270899","11,2903329",telephone,telephone,"+ 39 051 6843334",email,email,informaturismo@comune.cento.fe.it,telephone,telephone,"+ 39 051 6843334",email,email,informaturismo@comune.cento.fe.it,,,,,,,,,,,,,,,,,,,Pubblico
663,"Ufficio Informazioni e Accoglienza Turistica - Comacchio",Comacchio,Comacchio,Ferrara,"Via Agatopisto",,"44,6926707","12,1813781",telephone,telephone,"+ 39 0533 314154",email,email,comacchio.iat@comune.comacchio.fe.it,telephone,telephone,"+ 39 0533 314154",email,email,comacchio.iat@comune.comacchio.fe.it,,,,,,,,,,,,,,,,,,,Pubblico
664,"Servizio Informativo del Parco - Infopoint Area Leader Delta del Po",Comacchio,Comacchio,Ferrara,"Corso G. Mazzini",200,"44,699504","12,17348",telephone,telephone,"+ 39 346 8015015",email,email,servizioinformativo@parcodeltapo.it,telephone,telephone,"+ 39 346 8015015",email,email,servizioinformativo@parcodeltapo.it,,,,,,,,,,,,,,,,,,,Pubblico
666,"Ufficio Informazioni Turistiche - Argenta",Argenta,Argenta,Ferrara,"Piazza Guglielmo Marconi",1,"44,6142516","11,8356189",telephone,telephone,"+ 39 0532 330276",email,email,iatargenta@comune.argenta.fe.it,telephone,telephone,"+ 39 0532 330276",email,email,iatargenta@comune.argenta.fe.it,,,,,,,,,,,,,,,,,,,Pubblico
667,"Ufficio Informazioni Turistiche - Mesola",Mesola,Mesola,Ferrara,"Piazzetta S. Spirito",,"44,9231738","12,2288117",telephone,telephone,"+ 39 0533 993358",email,email,iat@comune.mesola.fe.it,telephone,telephone,"+ 39 0533 993358",email,email,iat@comune.mesola.fe.it,,,,,,,,,,,,,,,,,,,Pubblico
668,"Ufficio Informazioni Turistiche - Goro",Goro,Goro,Ferrara,"Via Cavicchini L.",13,"44,852385","12,294848",telephone,telephone,"+ 39 335 1720739",email,email,iat@comune.goro.fe.it,telephone,telephone,"+ 39 335 1720739",email,email,iat@comune.goro.fe.it,,,,,,,,,,,,,,,,,,,Pubblico
670,"IAT Ravenna",Ravenna,Ravenna,Ravenna,"Piazza San Francesco",7,"44,415651030322","12,200328143627",telephone,telephone,"+ 39 0544 35755",telephone,telephone,"+ 39 0544 35404",email,email,turismo@comune.ra.it,website,website,http://www.turismo.ra.it,telephone,telephone,"+ 39 0544 35755",telephone,telephone,"+ 39 0544 35404",email,email,turismo@comune.ra.it,website,website,http://www.turismo.ra.it,,,,,,,Pubblico
672,"UIT CasalBorsetti",Casalborsetti,Ravenna,Ravenna,"Via delle Viole",1,"44,553857","12,2800687",telephone,telephone,"+ 39 0544 444912",email,email,prolococb@gmail.com,website,website,http://www.turismo.ra.it,telephone,Telefono,"+ 39 0544 444912",email,Email,prolococb@gmail.com,website,Sito,http://www.turismo.ra.it,,,,,,,,,,,,,Pubblico
673,"UIT Marina Romea","Marina Romea",Ravenna,Ravenna,"Viale Ferrara",7,"44,5150314","12,2733383",telephone,Telefono,"+ 39 0544 448323",email,Email,iatmarinaromea@ravennareservation.it,website,website,http://www.turismo.ra.it,telephone,telephone,"+ 39 0544 448323",email,email,iatmarinaromea@ravennareservation.it,website,website,http://www.turismo.ra.it,,,,,,,,,,,,,Pubblico
674,"UIT Porto Corsini","Porto Corsini",Ravenna,Ravenna,"Via Lamone",18,"44,49387525737","12,278374681324",telephone,Telefono,"+ 39 0544 447688",email,Email,iatportocorsini@ravennareservation.it,website,Sito,http://www.turismo.ra.it,telephone,telephone,"+ 39 0544 447688",email,email,iatportocorsini@ravennareservation.it,website,website,http://www.turismo.ra.it,,,,,,,,,,,,,Pubblico
676,"UIT Punta Marina Terme","Punta Marina Terme",Ravenna,Ravenna,"Via della Fontana",2,"44,4415344","12,2951124",telephone,Telefono,"+ 39 0544 437312",email,Email,iatpuntamarina@ravennareservation.it,website,Sito,http://www.turismo.ra.it,telephone,telephone,"+ 39 0544 437312",email,email,iatpuntamarina@ravennareservation.it,website,website,http://www.turismo.ra.it,,,,,,,,,,,,,Pubblico
677,"UIT Lido Adriano","Lido Adriano",Ravenna,Ravenna,"Viale Francesco Petrarca",434,"44,410925","12,312184",telephone,telephone,"+ 39 0544 495353",email,email,info@prolocolidoadriano.it,website,website,http://www.turismo.ra.it,telephone,Telefono,"+ 39 0544 495353",email,Email,info@prolocolidoadriano.it,website,Sito,http://www.turismo.ra.it,,,,,,,,,,,,,Pubblico
678,"UIT Lido di Dante","Lido di Dante",Ravenna,Ravenna,"Viale Catone",10,"44,3876482","12,3159684",telephone,telephone,"+ 39 0544 492106",email,email,iatlidodidante@ravennareservation.it,website,website,http://www.turismo.ra.it,telephone,Telefono,"+ 39 0544 492106",email,Email,iatlidodidante@ravennareservation.it,website,Sito,http://www.turismo.ra.it,,,,,,,,,,,,,Pubblico
679,"UIT Lido di Classe",,Ravenna,Ravenna,"Viale F.lli Vivaldi",51,"44,3257305","12,3369933",telephone,Telefono,"+ 39 0544 939278",email,Email,iatlidodiclasse@ravennareservation.it,website,Sito,http://www.turismo.ra.it,telephone,telephone,"+ 39 0544 939278",email,email,iatlidodiclasse@ravennareservation.it,website,website,http://www.turismo.ra.it,,,,,,,,,,,,,Pubblico
680,"UIT Lido di Savio","Lido di Savio",Ravenna,Ravenna,"Viale Romagna",244,"44,30755","12,34465",email,Email,iatlidodisavio@ravennareservation.it,website,"Sito web",http://www.turismo.ra.it,telephone,Telefono,"+ 39 0544 949063",telephone,telephone,"+ 39 0544 949063",email,email,iatlidodisavio@ravennareservation.it,website,website,http://www.turismo.ra.it,,,,,,,,,,,,,Pubblico
682,"Ufficio Informazioni S. Agata sul Santerno","Sant'Agata sul Santerno","Sant'Agata sul Santerno",Ravenna,"Piazza Garibaldi, 5",,"44,44230403906356","11,861581206321718",telephone,telephone,"+ 39 0545 919907",email,email,urp@comune.santagatasulsanterno.ra.it,,,,,,,,,,,,,,,,,,,,,,,,,Pubblico
683,"Ufficio Informazioni Fusignano",Fusignano,Fusignano,Ravenna,"Corso Renato Emaldi, 115",115,"44,46805674217544","11,959438920021059",telephone,telephone,"+ 39 0545 955653",email,email,urp@comune.fusignano.ra.it,,,,,,,,,,,,,,,,,,,,,,,,,Pubblico
684,"Ufficio Informazioni Massa Lombarda","Massa Lombarda","Massa Lombarda",Ravenna,"Via Aurelio Saffi, 2",2,"44,446283229757896","11,827780008316042",telephone,telephone,"+ 39 0545 985890",email,email,urp@comune.massalombarda.ra.it,,,,,,,,,,,,,,,,,,,,,,,,,Pubblico
685,"Ufficio Informazioni Lugo",Lugo,Lugo,Ravenna,"Largo Relencini, 1",1,"44,42033318603446","11,912119388580324",telephone,telephone,"+ 39 0545 38444",email,email,urp@comune.lugo.ra.it,,,,,,,,,,,,,,,,,,,,,,,,,Pubblico
686,"Ufficio Informazioni Cotignola",Cotignola,Cotignola,Ravenna,"Piazza Vittorio Emanuele II, 31",31,"44,3844263","11,942336100000034",telephone,telephone,"+ 39 0545 908826",email,email,urp@comune.cotignola.ra.it,,,,,,,,,,,,,,,,,,,,,,,,,Pubblico
687,"Ufficio Informazioni Bagnacavallo","Villanova di Bagnacavallo",Bagnacavallo,Ravenna,"Piazza della Libertà, 13",13,"44,41634999999999","11,977409999999963",telephone,telephone,"+ 39 0545 280898",email,email,turismo@unione.labassaromagna.it,,,,,,,,,,,,,,,,,,,,,,,,,Pubblico
688,"Ufficio Informazioni Conselice",Conselice,Conselice,Ravenna,"Via G. Garibaldi, 14",14,"44,51266581694186","11,828901171684265",telephone,telephone,"+ 39 0545 986970",email,email,urp@comune.conselice.ra.it,,,,,,,,,,,,,,,,,,,,,,,,,Pubblico
689,"Ufficio Informazioni Bagnara di Romagna","Bagnara di Romagna","Bagnara di Romagna",Ravenna,"Piazza Guglielmo Marconi, 13",,"44,3889607","11,8268365",telephone,telephone,"+ 39 0545 905501",email,email,turismo@comune.bagnaradiromagna.ra.it,,,,,,,,,,,,,,,,,,,,,,,,,Pubblico
690,"Ufficio Informazioni Alfonsine",Alfonsine,Alfonsine,Ravenna,"Piazza Antonio Gramsci, 1",1,"44,5052026","12,040680100000031",telephone,telephone,"+ 39 0544 866667",email,email,urp@comune.alfonsine.ra.it,,,,,,,,,,,,,,,,,,,,,,,,,Pubblico
691,"Ufficio Informazioni Unione dei Comuni della Bassa Romagna",Bagnacavallo,Bagnacavallo,Ravenna,"Piazza della Libertà",13,"44,4165123","11,9773904",telephone,telephone,"+ 39 0545 280898",email,email,turismo@unione.labassaromagna.it,,,,,,,,,,,,,,,,,,,,,,,,,Pubblico
692,"IAT Cervia","Milano Marittima",Cervia,Ravenna,"Via Evangelisti",4,"44,2630199","12,3505934",telephone,telephone,"+ 39 0544 974400",fax,fax,"+ 39 0544 977194",email,email,iatcervia@cerviaturismo.it,telephone,telephone,"+ 39 0544 974400",fax,fax,"+ 39 0544 977194",email,email,iatcervia@cerviaturismo.it,,,,,,,,,,,,,Pubblico
693,"UIT Milano Marittima","Milano Marittima",Cervia,Ravenna,"Piazzale Napoli",30,"44,280671","12,3477429",telephone,telephone,"+ 39 0544 993435",fax,fax,"+ 39 0544 993226",email,email,iatmilanomarittima@cerviaturismo.it,telephone,telephone,"+ 39 0544 993435",fax,fax,"+ 39 0544 993226",email,email,iatmilanomarittima@cerviaturismo.it,,,,,,,,,,,,,Pubblico
694,"UIT Pinarella di Cervia",Pinarella,Cervia,Ravenna,"Viale Tritone",15,"44,2411021","12,3633504",telephone,telephone,"+ 39 0544 72424",fax,fax,"+ 39 0544 980728",email,email,pinarella@cerviaturismo.it,telephone,telephone,"+ 39 0544 72424",fax,fax,"+ 39 0544 980728",email,email,pinarella@cerviaturismo.it,,,,,,,,,,,,,Pubblico
698,"IAT Riolo Terme","Riolo Terme","Riolo Terme",Ravenna,"Corso Giacomo Matteotti",40,"44,2756287","11,7245659",telephone,telephone,"+ 39 0546 71044",email,email,iat.rioloterme@imolafaenza.it,website,website,http://www.imolafaenza.it,telephone,telephone,"+ 39 0546 71044",email,email,iat.rioloterme@imolafaenza.it,website,website,http://www.imolafaenza.it,,,,,,,,,,,,,Pubblico
699,"IAT Faenza",Solarolo,Faenza,Ravenna,"Voltone delle Molinella 2",,"44,2855207","11,8801616",telephone,telephone,"+ 39 0546 25231",fax,fax,"+ 39 0546 25231",email,email,info@prolocofaenza.it,website,website,https://www.prolocofaenza.it/,fax,fax,"+ 39 0546 25231",,,,,,,,,,,,,,,,Pubblico
700,"Ufficio Turistico Brisighella",Brisighella,Brisighella,Ravenna,"Via Naldi",2,"44,2239502","11,772634",telephone,telephone,"+ 39 0546 81166",fax,fax,"+ 39 0546 81166",email,email,iat.brisighella@racine.ra.it,website,website,http://www.brisighella.org/,telephone,telephone,"+ 39 0546 81166",fax,fax,"+ 39 0546 81166",email,email,iat.brisighella@racine.ra.it,website,website,http://www.brisighella.org/en/,,,,,,,Pubblico
701,"Ufficio Turistico Casola Valsenio","Casola Valsenio","Casola Valsenio",Ravenna,"Via Roma",50,"44,2234531","11,6231776",telephone,telephone,"+ 39 0546 73033",fax,fax,"+ 39 0546 76033",email,email,proloco.casolavalsenio@gmail.com,telephone,telephone,"+ 39 0546 73033",fax,fax,"+ 39 0546 76033",email,email,proloco.casolavalsenio@gmail.com,,,,,,,,,,,,,Pubblico
702,"Faenza Fiere",Faenza,Faenza,Ravenna,"Via Risorgimento/Padiglioni fieristici",3,"44,3593395","11,9348851",telephone,telephone,"+ 39 0546 621554",fax,fax,"+ 39 0546 627518",email,email,info@fierafaenza.it,website,website,https://www.fierafaenza.it,fax,fax,"+ 39 0546 627518",,,,,,,,,,,,,,,,Pubblico
703,"Faenza MIC",Faenza,Faenza,Ravenna,"Viale Alfredo Baccarini, 21",19,"44,2899355","11,8810548",telephone,telephone,"+ 39 0546 697311",email,email,info@micfaenza.org,email,email,fondazione.mic@pec.it,website,website,http://www.micfaenza.org/,telephone,telephone,"+ 39 0546 697311",email,email,info@micfaenza.org,website,website,http://www.micfaenza.org/,,,,,,,,,,Pubblico
704,"Ufficio Turistico San Mauro Mare","San Mauro Mare","San Mauro A Mare","San Mauro Pascoli","Viale della Repubblica",8,"44,1634625","12,4446461",telephone,telephone,"+ 39 0541 346392",email,email,info@sanmauromare.net,email,email,m.vincenzi@sanmauromare.net,website,website,http://www.sanmauromare.net,,,,,,,,,,,,,,,,,,,Pubblico
705,"UIT - Ufficio Informazioni Turistiche Valverde di Cesenatico","Valverde - Villamarina",Cesenatico,Forlì-Cesena,"Viale Giosuè Carducci",,"44,1886713","12,417111299999988",telephone,telephone,"+ 39 0547 85183",email,email,iatvalverde@comune.cesenatico.fc.it,,,,,,,,,,,,,,,,,,,,,,,,,Pubblico
706,"IAT - Ufficio Informazioni Cesenatico",Cesenatico,Cesenatico,Forlì-Cesena,"Via Roma",112,"44,2001731","12,40449430000001",telephone,telephone,"+ 39 0547 79435",email,email,iat@comune.cesenatico.fc.it,,,,,,,,,,,,,,,,,,,,,,,,,Pubblico
707,"Pro Loco Portico di Romagna","Rocca San Casciano","Portico di Romagna","Portico e San Benedetto","Via Roma",32,"44,0256171","11,78165880000006",telephone,telephone,"+ 39 339 6523860",,,,,,,,,,,,,,,,,,,,,,,,,,,,Pubblico
708,"Pro Loco di Castrocaro Terme","Castrocaro Terme","Castrocaro Terme e Terra del Sole",Forlì-Cesena,"Via della Fortezza",,"44,171027","11,9422085",telephone,telephone,"+ 39 0543 769541",email,email,info@proloco-castrocaro.it,,,,,,,,,,,,,,,,,,,,,,,,,Pubblico
709,"IAT di Modigliana",Modigliana,Modigliana,Forlì-Cesena,"Piazza Matteotti",,"44,1569208","11,7903833",telephone,telephone,"+ 39 366 9743320",email,email,turismo@comune.modigliana.fc.it,,,,,,,,,,,,,,,,,,,,,,,,,Pubblico
710,"UIT Longiano",Longiano,Longiano,Forlì-Cesena,"Via Porta del Girone",2,"44,0727658","12,3251744",telephone,telephone,"+ 39 0547 665484",email,email,iat@comune.longiano.fc.it,website,website,http://www.comune.longiano.fc.it,telephone,telephone,"+ 39 0547 665484",email,email,iat@comune.longiano.fc.it,website,website,http://www.comune.longiano.fc.it,,,,,,,,,,,,,Pubblico
711,"IAT-R Cesena",Montiano,Cesena,Forlì-Cesena,"Piazza del Popolo",9,"44,1369977","12,2425285",telephone,telephone,"+ 39 0547 356404",email,email,turismo@comune.cesena.fc.it,website,website,http://www.cesenaturismo.it,telephone,telephone,"+ 39 0547 356327",email,email,iat@comune.cesena.fc.it,website,website,http://www.comune.cesena.fc.it/cesenaturismo,telephone,telephone,"+ 39 0547 356327",telephone,telephone,"+ 39 0547 356404",email,email,iat@comune.cesena.fc.it,,,,Pubblico
712,"Associazione Pro Loco di Santa Sofia",Campigna,"Santa Sofia",Forlì-Cesena,"Piazza Matteotti, 1",,"43,9472432","11,906115",telephone,telephone,"+ 39 328 6364267",email,email,sanatsofiabuskers@yahoo.it,,,,,,,,,,,,,,,,,,,,,,,,,Pubblico
713,"IAT Ufficio di Informazioni Turistiche - Forlimpopoli",Forlimpopoli,Forlimpopoli,Forlì-Cesena,"Via Andrea Costa",23,"44,1883107","12,126513700000032",telephone,telephone,"+ 39 0543 749250",email,email,turismo@comune.forlimpopoli.fc.it,,,,,,,,,,,,,,,,,,,,,,,,,Pubblico
714,"IAT Gatteo Mare","Gatteo a Mare","Gatteo Mare",Forlì-Cesena,"Piazza della Libertà",10,"44,1707578","12,4365804",telephone,telephone,"+ 39 0547 86083",fax,fax,"+ 39 0547 85393",email,email,iat@comune.gatteo.fc.it,telephone,telephone,"+ 39 0547 86083",fax,fax,"+ 39 0547 85393",email,email,iat@comune.gatteo.fc.it,,,,,,,,,,,,,Pubblico
716,"UIT Verghereto",Tavolicci,Balze,Verghereto,"Via Nuova",43,"43,7774349","12,091372999999976",telephone,telephone,"+ 39 0543 906589",fax,fax,"+ 39 0543 906589",fax,fax,"+ 39 0543 906589",email,email,turismo@comune.verghereto.fc.it,email,email,info@fumaioloturismo.it,website,website,http://www.fumaioloturismo.it,,,,,,,,,,,,,Pubblico
717,"UIT Sarsina","Quarto di Sarsina",Sarsina,Forlì-Cesena,"Via IV Novembre",13,"43,9191664","12,143927899999994",telephone,telephone,"+ 39 0547 698102",fax,fax,"+ 39 0547 698102",fax,fax,"+ 39 0547 698102",email,email,turismo@comune.sarsina.fc.it,,,,,,,,,,,,,,,,,,,Pubblico
718,"UIT Bertinoro",Bertinoro,Bertinoro,Forlì-Cesena,"Piazza della Libertà",9,"44,149453","12,133323000000019",telephone,telephone,"+ 39 0543 469213",fax,fax,"+ 39 0543 444486",fax,fax,"+ 39 0543 444486",email,email,turismo@comune.bertinoro.fc.it,website,website,http://www.visitbertinoro.it,,,,,,,,,,,,,,,,Pubblico
719,"IAT Castrocaro Terme e Terra del Sole",Dovadola,"Castrocaro Terme e Terra del Sole",Forlì-Cesena,"Viale G. Marconi",20/28,"44,172638","11,949133",telephone,telephone,"+ 39 0543 769631",fax,fax,"+ 39 0543 769631",fax,fax,"+ 39 0543 769631",email,email,iatcastrocaro@visitcastrocaro.it,website,website,http://www.visitcastrocaro.it,,,,,,,,,,,,,,,,Pubblico
720,"UIT Castrocaro Terme e Terra del Sole","Terra del Sole","Castrocaro Terme e Terra del Sole",Forlì-Cesena,"Piazza G.Garibaldi, 1",,"44,1854038","11,9571813",telephone,telephone,"+ 39 0543 766766",fax,fax,"+ 39 0543 766766",fax,fax,"+ 39 0543 766766",email,email,proloco@terradelsole.org,website,website,http://www.visitcastrocaro.it,,,,,,,,,,,,,,,,Pubblico
721,"IAT Forlì",Forlì,Forlì,Forlì-Cesena,"Piazza Aurelio Saffi",8,"44,2225421","12,0403625",telephone,telephone,"+ 39 0543 712435",fax,fax,"+ 39 0543 712450",fax,fax,"+ 39 0543 712450",email,email,iat@comune.forli.fc.it,website,website,http://www.turismoforlivese.it,,,,,,,,,,,,,,,,Pubblico
722,"UIT Forlì",Forlì,Forlì,Forlì-Cesena,"Piazza Guido da Montefeltro",12,"44,221484","12,0363786",telephone,telephone,"+ 39 0543 712644",fax,fax,"+ 39 0543 712450",fax,fax,"+ 39 0543 712450",email,email,iat@comune.forli.fc.it,website,website,http://www.turismoforlivese.it,,,,,,,,,,,,,,,,Pubblico
723,"UIT Forlimpopoli",Forlimpopoli,Forlimpopoli,Forlì-Cesena,"Via A. Costa",23,"44,1883107","12,1265137",telephone,telephone,"+ 39 0543 749250",fax,fax,"+ 39 0543 749247",fax,fax,"+ 39 0543 749247",email,email,turismo@comune.forlimpopoli.fc.it,website,website,http://www.forlimpopolicittartusiana.it,,,,,,,,,,,,,,,,Pubblico
724,"UIT Galeata/Pianetto",Galeata,Galeata,Forlì-Cesena,"Via Borgo Pianetto",18,"43,98489790000001","11,905573799999956",telephone,telephone,"+ 39 0543 981854",telephone,telephone,"+ 39 0543 975428",fax,fax,"+ 39 0543 981021",fax,fax,"+ 39 0543 981021",email,email,museomambrini@libero.it,website,website,http://www.museocivicomambrini.it,,,,,,,,,,,,,Pubblico
725,"IAT Predappio",Predappio,Predappio,Forlì-Cesena,"Piazza S. Antonio",3,"44,10126169999999","11,981749700000023",telephone,telephone,"+ 39 0543 921766",email,email,informazioni.turistiche@comune.predappio.fc.it,website,website,http://www.visitpredappio.it,,,,,,,,,,,,,,,,,,,,,,Pubblico
726,"UIT Premilcuore",Premilcuore,Premilcuore,Forlì-Cesena,"Via Roma",34,"43,9791911","11,78086929999995",telephone,telephone,"+ 39 0543 956540",fax,fax,"+ 39 0543 956557",fax,fax,"+ 39 0543 956557",email,email,cv.premilcuore@parcoforestecasentinesi.it,website,website,http://www.turismopremilcuore.it,,,,,,,,,,,,,,,,Pubblico
727,"UIT Santa Sofia",Campigna,"Santa Sofia",Forlì-Cesena,"Via Nefetti",3,"43,9476323","11,9074602",telephone,telephone,"+ 39 0543 970249",fax,fax,"+ 39 0543 970014",fax,fax,"+ 39 0543 970014",email,email,cv.santasofia@parcoforestecasentinesi.it,website,website,http://www.visitsantasofia.it,,,,,,,,,,,,,,,,Pubblico
729,"Pro Loco Alfero",,Verghereto,Forlì-Cesena,"Via Don Francesco Babbini, 31",,"43,8474383","12,0562837",telephone,telephone,"+ 39 0543 910193",,,,,,,,,,,,,,,,,,,,,,,,,,,,Pubblico
730,"Pro Loco Balze","Balze-Monte Fumaiolo",Balze,Verghereto,"Via Nuova",87,"43,7777519","12,093378799999982",telephone,telephone,"+ 39 0543 906589",,,,,,,,,,,,,,,,,,,,,,,,,,,,Pubblico
731,"Pro Loco Riofreddo",Riofreddo,Riofreddo,Verghereto,"Piazza San Francesco",2,"43,837228","12,0739439",telephone,telephone,"+ 39 0543 910021",fax,fax,"+ 39 0543 910106",fax,fax,"+ 39 0543 910106",telephone,telephone,"+ 39 347 1449452",,,,,,,,,,,,,,,,,,,Pubblico
732,"Pro Loco Capanne",Granaglione,Verghereto,Forlì-Cesena,Capanne,,"43,8099424160281","12,107690940611066",telephone,telephone,"+ 39 0543 908054",,,,,,,,,,,,,,,,,,,,,,,,,,,,Pubblico
733,"Pro Loco Montecoronaro",Montecoronaro,Verghereto,Forlì-Cesena,"Via Montecoronaro",,"43,7846849","12,0305433",telephone,telephone,"+ 39 0543 902448",,,,,,,,,,,,,,,,,,,,,,,,,,,,Pubblico
734,"Pro Loco Verghereto","Monte Fumaiolo",Verghereto,Forlì-Cesena,"Via Trento",5,"43,793935","12,005544",telephone,telephone,"+ 39 0543 902497",,,,,,,,,,,,,,,,,,,,,,,,,,,,Pubblico
735,"Pro loco di Ville di Montecoronaro",Montecoronaro,Verghereto,Forlì-Cesena,"Bar Bragagni",,"43,79374000000001","12,00513",telephone,telephone,"+ 39 0543 902715",email,email,gia.ros@libero.it,,,,,,,,,,,,,,,,,,,,,,,,,Pubblico
738,"Pro Loco Sarsina","Quarto di Sarsina",Sarsina,Forlì-Cesena,"Piazza Lucio Pisone",3,"43,918098","12,14364",telephone,telephone,"+ 39 347 1511321",email,email,info@prolocosarsina.it,website,website,http://www.sarsinaturismo.it,,,,,,,,,,,,,,,,,,,,,,Pubblico
739,"Comune di Mercato Saraceno","Mercato Saraceno","Mercato Saraceno",Forlì-Cesena,"Piazza Giuseppe Mazzini",50,"43,956922","12,196145",telephone,telephone,"+ 39 0547 699711",email,email,info@comune.mercatosaraceno.it,email,email,cultura@comune.mercatosaraceno.it,website,website,http://www.mercatosaracenoturismo.it,telephone,telephone,"+ 39 0547 699711",email,email,info@comune.mercatosaraceno.it,email,email,cultura@comune.mercatosaraceno.it,website,website,http://www.mercatosaracenoturismo.it,,,,,,,Pubblico
740,"Ufficio Informazioni e Centro Visita Parco Nazionale di Bagno di Romagna",Selvapiana,"Bagno di Romagna",Forlì-Cesena,"via Fiorentina",38,"43,833061","11,9584392",telephone,telephone,"+ 39 0543 911046",email,email,info@bagnodiromagnaturismo.it,website,website,https://www.bagnodiromagnaturismo.it/-/i-a-t-informazioni-e-accoglienza-turistica-bagno-di-romagna-fc-scheda_uff_inf,website,website,http://www.parcoforestecasentinesi.it,,,,,,,,,,,,,,,,,,,Pubblico
742,"IAT - Ufficio Informazioni Rimini Centro Città",Rimini,Rimini,Rimini,"Piazzale Battisti",1,"44,0639806","12,5738647",telephone,telephone,"+ 39 0541 51331",email,email,stazione@visitrimini.com,telephone,telephone,"+ 39 0541 53399",email,email,info@visitrimini.com,website,website,http://www.riminiturismo.it,,,,,,,,,,,,,,,,Pubblico
743,"IAT - Ufficio Informazioni di Rimini Marina Centro",Rimini,Rimini,Rimini,"Piazzale Fellini",3,"44,0713462","12,5774313",telephone,telephone,"+ 39 0541 56902",email,email,fellini@visitrimini.com,telephone,telephone,"+ 39 0541 53399",email,email,info@visitrimini.com,website,website,http://www.riminiturismo.it,,,,,,,,,,,,,,,,Pubblico
744,"Rimini Visitor Center",Rimini,Rimini,Rimini,"Corso d?Augusto",235,"44,0625904","12,5649843",telephone,telephone,"+ 39 0541 29833",email,email,ariminum@visitrimini.com,website,website,http://www.riminiturismo.it,,,,,,,,,,,,,,,,,,,,,,Pubblico
745,"Rimini Marvelli",Rimini,Rimini,Rimini,"Piazza Marvelli",8/b,"44,0633977","12,5861879",telephone,telephone,"+ 39 0541 390530",email,email,marvelli@visitrimini.com,website,website,http://www.riminiturismo.it,,,,,,,,,,,,,,,,,,,,,,Pubblico
746,"Rimini Viserba","Rivabella di Rimini",Rimini,Rimini,"Viale Giuliano Dati",180,"44,09043920000001","12,534531799999968",telephone,telephone,"+ 39 0541 738115",email,email,viserba@visitrimini.com,website,website,http://www.riminiturismo.it,,,,,,,,,,,,,,,,,,,,,,Pubblico
750,"UIT Igea Marina",,"Igea Marina","Bellaria-Igea Marina","Via Publio Ovidio Nasone",99,"44,1358056","12,47963530000004",telephone,telephone,"+ 39 0541 333119",email,email,iatim@comune.bellaria-igea-marina.rn.it,,,,,,,,,,,,,,,,,,,,,,,,,Pubblico
751,"IAT Cattolica",Cattolica,Cattolica,Rimini,"Via Mancini C.",24,"43,9643749","12,742793600000027",telephone,telephone,"+ 39 0541 966697",fax,fax,"+ 39 0541 966793",fax,fax,"+ 39 0541 966793",email,email,iat@cattolica.net,,,,,,,,,,,,,,,,,,,Pubblico
752,"UIT Cattolica",Cattolica,Cattolica,Rimini,"Piazzale I Maggio",,"43,9667449","12,7383671",telephone,telephone,"+ 39 0541 966687",fax,fax,"+ 39 0541 966793",fax,fax,"+ 39 0541 966793",email,email,iat2@cattolica.net,,,,,,,,,,,,,,,,,,,Pubblico
753,"IAT Misano Adriatico","Misano Adriatico","Misano Adriatico",Rimini,"Via dei Platani",24,"43,9787226","12,70034910000004",telephone,telephone,"+ 39 0541 615520",fax,fax,"+ 39 0541 613295",fax,fax,"+ 39 0541 613295",email,email,iat@comune.misano-adriatico.rn.it,,,,,,,,,,,,,,,,,,,Pubblico
754,"IAT Pennabilli",Pennabilli,Pennabilli,Rimini,"Piazza Garibaldi, 1",,"43,81684871456207","12,265348252840342",telephone,telephone,"+ 39 0541 928659",fax,fax,"+ 39 0541 928659",fax,fax,"+ 39 0541 928659",email,email,info@pennabilliturismo.it,,,,,,,,,,,,,,,,,,,Pubblico
755,"IAT Riccione",Riccione,Riccione,Rimini,"Piazzale Ceccarini",11,"44,0025146","12,657193300000017",telephone,telephone,"+ 39 0541 426050",fax,fax,"+ 39 0541 426080",fax,fax,"+ 39 0541 426080",email,email,iat@comune.riccione.rn.it,,,,,,,,,,,,,,,,,,,Pubblico
756,"IAT San Leo","San Leo","San Leo",Rimini,"Piazza Dante Alighieri",14,"43,8966245","12,343303399999968",telephone,telephone,"+ 39 0541 916306",fax,fax,"+ 39 0541 926973",fax,fax,"+ 39 0541 926973",email,email,info@sanleo2000.it,,,,,,,,,,,,,,,,,,,Pubblico
757,"IAT Santarcangelo di Romagna","Santarcangelo di Romagna","Santarcangelo di Romagna",Rimini,"Via Cesare Battisti",5,"44,0635092","12,4449013",telephone,telephone,"+ 39 0541 624270",fax,fax,"+ 39 0541 622570",email,email,iat@comune.santarcangelo.rn.it,,,,,,,,,,,,,,,,,,,,,,Pubblico
758,"IAT Verucchio",Verucchio,Verucchio,Rimini,"Piazza Malatesta",20,"43,9837069","12,4211864",telephone,telephone,"+ 39 0541 670222",fax,fax,"+ 39 0541 673266",email,email,ufficioiat@prolocoverucchio.it,telephone,telephone,"+ 39 0541 670222",fax,fax,"+ 39 0541 673266",email,email,ufficioiat@prolocoverucchio.it,,,,,,,,,,,,,Pubblico
759,"UIT Casteldelci",Casteldelci,Casteldelci,Rimini,"Via Castello, 11",26,"43,7915679","12,1528204",telephone,telephone,"+ 39 0541 925001",fax,fax,"+ 39 0541 925300",fax,fax,"+ 39 0541 925300",email,email,ufficio.turistico.casteldelci@gmail.com,,,,,,,,,,,,,,,,,,,Pubblico
760,"UIT Coriano",Coriano,Coriano,Rimini,"Piazza Giuseppe Mazzini",10,"43,964445","12,602693000000045",telephone,telephone,"+ 39 0541 656255",fax,fax,"+ 39 0541 656255",fax,fax,"+ 39 0541 656255",email,email,info@prolococoriano.it,,,,,,,,,,,,,,,,,,,Pubblico
761,"UIT Gemmano",Gemmano,"Castello di Onferno",Gemmano,"Provinciale Oferno",107,"43,8727332","12,54613710000001",telephone,telephone,"+ 39 0541 984694",fax,fax,"+ 39 0541 984694",fax,fax,"+ 39 0541 984694",email,email,gemmanoproloco@gmail.com,,,,,,,,,,,,,,,,,,,Pubblico
762,"UIT Mondaino",Mondaino,Mondaino,Rimini,"Piazza Maggiore",1,"43,8559875","12,671444599999973",telephone,telephone,"+ 39 0541 1799636",fax,fax,"+ 39 0541 869046",fax,fax,"+ 39 0541 869046",email,email,uit@mondaino.com,,,,,,,,,,,,,,,,,,,Pubblico
763,"UIT Montefiore Conca","Montefiore Conca",Montefiorino,Modena,"Via Roma",3,"44,359299","10,624566500000014",telephone,telephone,"+ 39 0541 980035",fax,fax,"+ 39 0541 980206",fax,fax,"+ 39 0541 980206",email,email,segreteria@comune.montefiore-conca.rn.it,,,,,,,,,,,,,,,,,,,Pubblico
764,"UIT Montegridolfo",Montegridolfo,Montegridolfo,Rimini,"Via Borgo",,"43,8580765","12,689456699999937",telephone,telephone,"+ 39 0541 855067",fax,fax,"+ 39 0541 855067",fax,fax,"+ 39 0541 855067",email,email,uit_montegridolfo@libero.it,,,,,,,,,,,,,,,,,,,Pubblico
765,"UIT Novafeltria",Novafeltria,Novafeltria,Rimini,"Piazza Vittorio Emanuele",2,"43,89593500000001","12,2904135",telephone,telephone,"+ 39 0541 845619",fax,fax,"+ 39 0541 845620",fax,fax,"+ 39 0541 845620",email,email,urp@comune.novafeltria.rn.it,,,,,,,,,,,,,,,,,,,Pubblico
766,"UIT Saludecio",Saludecio,Saludecio,Rimini,"Piazza Beato Amato Ronconi",1,"43,8728","12,668480000000045",telephone,telephone,"+ 39 338 7854247",fax,fax,"+ 39 0541 981436",fax,fax,"+ 39 0541 981436",email,email,uit.saludecio@comune.saludecio.rn.it,,,,,,,,,,,,,,,,,,,Pubblico
767,"UIT San Giovanni in Marignano","San Giovanni in Marignano","San Giovanni In Marignano",Rimini,"Piazza Silvagni",26,"43,9390283","12,712681699999962",telephone,telephone,"+ 39 0541 828124",telephone,telephone,"+ 39 366 7237116",fax,fax,"+ 39 0541 828124",fax,fax,"+ 39 0541 828124",email,email,info@prolocosangiovanni.it,,,,,,,,,,,,,,,,Pubblico
768,"UIT Sant'Agata Feltria","Sant'Agata Feltria","Sant'Agata Feltria",Rimini,"Piazza Garibaldi",31,"43,864236","12,208306300000004",telephone,telephone,"+ 39 0541 848022",fax,fax,"+ 39 0541 848022",fax,fax,"+ 39 0541 848022",email,email,info@prolocosantagatafeltria.com,,,,,,,,,,,,,,,,,,,Pubblico
769,"UIT Talamello",Talamello,"Via Saffi",Rimini,"Via Saffi",34,"43,90564759999999","12,283103399999959",telephone,telephone,"+ 39 0541 922893",email,email,museo.gualtieri@comune.talamello.rn.it,,,,,,,,,,,,,,,,,,,,,,,,,Pubblico
2652,"IAT Bellaria","Bellaria Igea Marina","Bellaria-Igea Marina",Rimini,"Via Leonardo da Vinci, 3",3,"44,149642","12,462407",email,email,iat@comune.bellaria-igea-marina.rn.it,telephone,telephone,"+ 39 0541 343808",website,website,https://www.comune.bellaria-igea-marina.rn.it/citta/cms/page/ospitalita-informazioni_turistiche/,fax,fax,"+ 39 0541 345491",,,,,,,,,,,,,,,,,,,Pubblico
2663,"INCARPI - Centro Unico di Promozione",Carpi,Carpi,Modena,"Piazza Martiri",64,"44,7826506","10,8848711",fax,fax,"+ 39 059.649364",email,email,iat@carpidiem.it,website,website,https://www.incarpi.info/it/,telephone,telephone,"+ 39 059 649255",fax,fax,"+ 39 059 649364",email,email,iat@carpidiem.it,website,website,https://www.incarpi.info/en/,telephone,telephone,"+ 39 059.649255",,,,,,,Pubblico
2670,"IAT Informazione Accoglienza Turistica Imola",Imola,Imola,Bologna,"Via Emilia, 135",,"44,353548304061","11,713611781597",email,email,iat@comune.imola.bo.it,telephone,telephone,"+ 39 0542 602 207",email,email,iat@comune.imola.bo.it,telephone,telephone,"+ 39 0542 602207",,,,,,,,,,,,,,,,,,,Pubblico
3494,"UIT Borgo Tossignano","Borgo Tossignano","Borgo Tossignano",Bologna,"Via Rineggio 22",22,"44,272185","11,5689898",,,,,,,,,,,,,,,,,,,,,,,,,,,,,,,Pubblico
9940,"Ufficio Turismo Savignano sul Rubicone","Savignano sul Rubicone","Savignano sul Rubicone",Forlì-Cesena,"Piazza Borghesi",9,"44,0922073","12,3992666",telephone,telephone,"+ 39 0541 809666",email,email,urp@comune.savignano-sul-rubicone.fc.it,telephone,telephone,"+ 39 0541 809666",email,email,urp@comune.savignano-sul-rubicone.fc.it,,,,,,,,,,,,,,,,,,,Pubblico
11475,"UIT Tagliata di Cervia",Tagliata,Cervia,Ravenna,"Viale Italia",374,"44,2245092","12,3814266",telephone,telephone,"+ 39 0544 1888363",fax,fax,"+ 39 0544 987945",email,email,tagliata@cerviaturismo.it,telephone,telephone,"+ 39 0544 1888363",fax,fax,"+ 39 0544 987945",email,email,tagliata@cerviaturismo.it,,,,,,,,,,,,,Pubblico
12198,"UIT Comune di Dozza",Dozza,Dozza,Bologna,"Piazza della Rocca",,"44,359052378075","11,627805106424",email,email,uit@comune.dozza.bo.it,telephone,telephone,"+ 39 380 1234309",email,email,uit@comune.dozza.bo.it,telephone,telephone,"+ 39 380 1234309",,,,,,,,,,,,,,,,,,,Pubblico
13060,"UIT Marina di Ravenna",,Ravenna,Ravenna,"Largo Walter Magmnavacchi",3,"44,484973963587","12,279358915433",telephone,telephone,"+ 39 0544 485800",email,email,iatmarinadiravenna@ravennareservation.it,website,website,http://www.turismo.ra.it,telephone,telephone,"+ 39 0544 485800",email,email,iatmarinadiravenna@ravennareservation.it,website,website,http://www.turismo.ra.it,,,,,,,,,,,,,Pubblico
13061,"Info Point Teodorico",,Ravenna,Ravenna,"Via delle Industrie",14,"44,424524585103","12,210084200342",telephone,telephone,"+39 0544 451539",email,email,iatteodorico@ravennareservation.it,website,website,http://www.turismo.ra.it,telephone,telephone,"+39 0544 451539",email,email,iatteodorico@ravennareservation.it,website,website,http://www.turismo.ra.it,,,,,,,,,,,,,Pubblico
13653,"Ufficio Turistico Sogliano al Rubicone","Sogliano al Rubicone","Sogliano al Rubicone",Forlì-Cesena,"Piazza della Repubblica",31,"44,0048557","12,3009854",telephone,telephone,"+ 39 0541 817 340",email,email,ufficioturistico@comune.sogliano.fc.it,website,website,https://www.visitsoglianoalrubicone.it/,telephone,telephone,"+ 39 0541 817 340",email,email,ufficioturistico@comune.sogliano.fc.it,website,website,https://www.visitsoglianoalrubicone.it/,,,,,,,,,,,,,Pubblico
22809,"Ufficio Relazioni con il Pubblico di Anzola",,"Anzola dell'Emilia",Bologna,"Piazza Giovanni XXIII, 1",1,"44,5468065","11,1934898",telephone,telephone,"+ 39 051 6502111",email,email,urp@comune.anzoladellemilia.bo.it,,,,,,,,,,,,,,,,,,,,,,,,,Revisione
22812,"Ufficio Relazioni con il Pubblico di Argelato",,Argelato,Bologna,"Via Argelati",4,"44,642266289587","11,34753838524",telephone,telephone,"+ 39 051 6634607",email,email,urp@comune.argelato.bo.it,telephone,telephone,"+ 39 051 6634607",email,email,urp@comune.argelato.bo.it,,,,,,,,,,,,,,,,,,,Pubblico
22818,"Ufficio Relazioni con il Pubblico di Bentivoglio",,Bentivoglio,Bologna,"Piazza dei Martiri per la Libertà",2,"44,6349777","11,4186035",telephone,telephone,"+ 39 051 6643511",email,email,urp@comune.bentivoglio.bo.it,telephone,telephone,"+ 39 051 6643511",email,email,urp@comune.bentivoglio.bo.it,,,,,,,,,,,,,,,,,,,Pubblico
22819,"Ufficio Relazioni con il pubblico di Budrio",,Budrio,Bologna,"Piazza Quirico Filopanti",,"44,5376514","11,5356717",telephone,telephone,"+ 39 051 6928290",email,email,urp@comune.budrio.bo.it,,,,,,,,,,,,,,,,,,,,,,,,,Revisione
23816,"Pro Loco Amici di Tabiano",,"Salsomaggiore Terme",Parma,"viale Fidenza",20,"44,8090334","10,0233236",telephone,telephone,"+ 39 0524 565742",email,email,prolocotabiano@libero.it,email,email,prolocotabiano@libero.it,telephone,telephone,"+ 39 0524 565742",,,,,,,,,,,,,,,,,,,Revisione
23819,"IAT Tabiano",,"Salsomaggiore Terme",Parma,"Viale Fidenza",20,"44,8079698","10,0219101",fax,fax,"+ 39 0524 567533",telephone,telephone,"+ 39 0524 565742",email,email,info@tabianoterme.it,,,,,,,,,,,,,,,,,,,,,,Revisione
